Indicator,1995 Jan,1995 Feb,1995 Mar,1995 Apr,1995 May,1995 Jun,1995 Jul,1995 Aug,1995 Sep,1995 Oct,1995 Nov,1995 Dec,1996 Jan,1996 Feb,1996 Mar,1996 Apr,1996 May,1996 Jun,1996 Jul,1996 Aug,1996 Sep,1996 Oct,1996 Nov,1996 Dec,1997 Jan,1997 Feb,1997 Mar,1997 Apr,1997 May,1997 Jun,1997 Jul,1997 Aug,1997 Sep,1997 Oct,1997 Nov,1997 Dec,1998 Jan,1998 Feb,1998 Mar,1998 Apr,1998 May,1998 Jun,1998 Jul,1998 Aug,1998 Sep,1998 Oct,1998 Nov,1998 Dec,1999 Jan,1999 Feb,1999 Mar,1999 Apr,1999 May,1999 Jun,1999 Jul,1999 Aug,1999 Sep,1999 Oct,1999 Nov,1999 Dec,2000 Jan,2000 Feb,2000 Mar,2000 Apr,2000 May,2000 Jun,2000 Jul,2000 Aug,2000 Sep,2000 Oct,2000 Nov,2000 Dec,2001 Jan,2001 Feb,2001 Mar,2001 Apr,2001 May,2001 Jun,2001 Jul,2001 Aug,2001 Sep,2001 Oct,2001 Nov,2001 Dec,2002 Jan,2002 Feb,2002 Mar,2002 Apr,2002 May,2002 Jun,2002 Jul,2002 Aug,2002 Sep,2002 Oct,2002 Nov,2002 Dec,2003 Jan,2003 Feb,2003 Mar,2003 Apr,2003 May,2003 Jun,2003 Jul,2003 Aug,2003 Sep,2003 Oct,2003 Nov,2003 Dec,2004 Jan,2004 Feb,2004 Mar,2004 Apr,2004 May,2004 Jun,2004 Jul,2004 Aug,2004 Sep,2004 Oct,2004 Nov,2004 Dec,2005 Jan,2005 Feb,2005 Mar,2005 Apr,2005 May,2005 Jun,2005 Jul,2005 Aug,2005 Sep,2005 Oct,2005 Nov,2005 Dec,2006 Jan,2006 Feb,2006 Mar,2006 Apr,2006 May,2006 Jun,2006 Jul,2006 Aug,2006 Sep,2006 Oct,2006 Nov,2006 Dec,2007 Jan,2007 Feb,2007 Mar,2007 Apr,2007 May,2007 Jun,2007 Jul,2007 Aug,2007 Sep,2007 Oct,2007 Nov,2007 Dec,2008 Jan,2008 Feb,2008 Mar,2008 Apr,2008 May,2008 Jun,2008 Jul,2008 Aug,2008 Sep,2008 Oct,2008 Nov,2008 Dec,2009 Jan,2009 Feb,2009 Mar,2009 Apr,2009 May,2009 Jun,2009 Jul,2009 Aug,2009 Sep,2009 Oct,2009 Nov,2009 Dec,2010 Jan,2010 Feb,2010 Mar,2010 Apr,2010 May,2010 Jun,2010 Jul,2010 Aug,2010 Sep,2010 Oct,2010 Nov,2010 Dec,2011 Jan,2011 Feb,2011 Mar,2011 Apr,2011 May,2011 Jun,2011 Jul,2011 Aug,2011 Sep,2011 Oct,2011 Nov,2011 Dec,2012 Jan,2012 Feb,2012 Mar,2012 Apr,2012 May,2012 Jun,2012 Jul,2012 Aug,2012 Sep,2012 Oct,2012 Nov,2012 Dec,2013 Jan,2013 Feb,2013 Mar,2013 Apr,2013 May,2013 Jun,2013 Jul,2013 Aug,2013 Sep,2013 Oct,2013 Nov,2013 Dec,2014 Jan,2014 Feb,2014 Mar,2014 Apr,2014 May,2014 Jun,2014 Jul,2014 Aug,2014 Sep,2014 Oct,2014 Nov,2014 Dec,2015 Jan,2015 Feb,2015 Mar,2015 Apr,2015 May,2015 Jun,2015 Jul,2015 Aug,2015 Sep,2015 Oct,2015 Nov,2015 Dec,2016 Jan,2016 Feb,2016 Mar,2016 Apr,2016 May,2016 Jun,2016 Jul,2016 Aug,2016 Sep,2016 Oct,2016 Nov,2016 Dec,2017 Jan,2017 Feb,2017 Mar,2017 Apr,2017 May,2017 Jun,2017 Jul,2017 Aug,2017 Sep,2017 Oct,2017 Nov,2017 Dec,2018 Jan,2018 Feb,2018 Mar,2018 Apr,2018 May,2018 Jun,2018 Jul,2018 Aug,2018 Sep,2018 Oct,2018 Nov,2018 Dec,2019 Jan,2019 Feb,2019 Mar,2019 Apr,2019 May,2019 Jun,2019 Jul,2019 Aug,2019 Sep,2019 Oct,2019 Nov,2019 Dec,2020 Jan,2020 Feb,2020 Mar
Total Merchandise Exports_ln2,12311698,11560924,14104207,12650418,13777818,14373998,14092603,14921935,14877990,14980902,15503060,14359141,15304338,12362257,15658331,14613388,14816176,13977050,15040339,14252549,14663818,15689795,14812547,15081350,15062352,11582486,15475126,15521271,15389819,15075533,15912565,14933191,16936891,16899731,16041995,16781544,14494973,14763660,16952640,15156585,14305933,15919597,15633171,15290256,16344414,15348390,14509326,15044378,13315576,12496922,16250359,15909114,15465904,16366907,16153014,15957530,17625416,17783665,17957284,19007924,15628098,16200493,19842497,17461126,19738164,19458200,20321223,21962554,21590916,22863664,21961829,20797582,18626667,18092493,20431794,18056811,18700517,18461988,17462519,17673383,16797935,18935541,18057067,16729548,17908294,14710314,18447696,19538466,18757283,18600298,19960987,19562983,18857072,20410619,20429746,18663757,23447601,19831071,23418350,22747877,22026559,22304369,23527960,22765100,25186305,25982255,23724843,26185024,23603218,24128127,27854957,26802507,27292036,28647333,29140380,29176182,31152615,30325197,28384129,30269392,27543861,25507262,31463425,29900198,30570564,31155372,31706705,34304221,34073829,35802282,34576557,37079003,32617981,33003078,37718897,33659297,35996421,37974531,36213556,38055717,38632796,37008885,37337369,35837917,37598082,30938211,38614025,36442327,36405981,38400858,39517632,39110149,39118022,41079240,39009550,37852753,42682417,36428265,40431403,42515891,40940336,42500904,45379085,42473576,43655958,39502257,34292711,30052576,26463376,27677912,31798409,31378096,30119931,32152964,35293204,34146163,35213854,35846049,35692666,37143715,36391172,32951382,41005505,40644667,38693721,41020375,41170201,42941604,41615386,42651466,39772855,41851138,43766735,36963226,46700562,42763382,42640217,43871813,42644188,45126888,45395626,44554630,43199909,45643446,41834582,45664111,46121631,44829816,44546230,43409919,42514918,41848307,41848907,44485232,42485012,39765478,41978071,37560458,42285166,45691253,45728321,43436371,46363855,43843516,45161084,47916281,43029311,42513470,44966281,41135162,45280758,46201066,43741676,43604893,43601754,43395650,45258026,45076081,41651672,42154405,42679649,34745340,46341479,42126061,39419524,41324718,42883682,38499547,40566767,43473113,39152052,40604216,36374220,32392691,38819978,38777004,38907678,39303025,38163143,38628013,39689453,39645848,41889050,44321513,40395481,39340293,46072685,40431020,43945230,42324249,42629367,44464801,41178777,43739574,45886157,44593215,44126494,38936317,45602187,44492111,48359712,45693748,48306776,50448644,45850324,51656381,48699986,43492397,44530898,39862596,44232102,44138798,46631547,41424050,45390949,45157925,43494319,46828474,45758743,45063716,42141764,40826997,43953513
Total Merchandise Imports_ln2,12244388,12396938,14664247,13734522,14922431,14718979,15532592,15730943,14787061,16058779,15691830,15830769,15539334,14200033,16418429,15494903,15245465,15175694,15785983,14383157,14761789,16335831,15880423,15962353,15788033,12634879,16729284,15832563,16289060,15923211,17547537,16546053,17412112,17623903,16775834,17502726,13830548,14766759,16061183,13958753,12963883,14468063,14735024,14005064,14058809,13587125,13093541,14334730,12992380,11997660,15235020,15254783,15009917,15738641,16699646,16507617,16444304,16958676,17374626,17928291,15863851,15557241,18704237,17564650,18669571,20281078,19865437,20917474,21325111,21400038,21041672,20984719,17612616,17952511,19116724,17491623,17125687,17509415,17417877,17270265,16029478,18073404,16568462,15524076,15909729,14816724,17547760,18179783,17487220,18290300,18668721,18224600,17047877,18915666,17690794,17021067,18539098,17162800,20441818,19325007,18135977,19773576,19832506,19534347,20630297,22247169,20077600,22369973,21035150,20335381,25214316,24103838,24467390,24845482,26647804,25375603,25520660,26438682,24894387,25299368,24945420,21400853,28178684,26658197,26203333,28003355,27943026,29639219,29312727,32075302,29184752,30768661,27375920,29937624,31515804,29327041,32627841,33778399,33155215,34163426,32818225,31068778,31957329,33117053,30763489,27851480,32640492,31945246,32340922,34076139,34151496,33723677,32811183,37110162,36053976,34935734,38681524,33413957,38648064,40555557,38619579,40693260,43365604,38926024,41584525,38957660,32855642,29158912,25726467,26488010,27730194,27868130,27818221,29799099,31670300,30161686,33242874,32568130,31415491,33885826,33290120,30904685,36362935,36719932,33511638,37674529,38506428,36208637,35562647,35674370,35795622,36115015,37583825,32126643,43060778,38518652,39756662,39185518,37264457,42209188,38911564,39592049,41868766,38210081,40266013,40218167,43698690,39686751,42810254,41641022,38990798,38629287,37875867,41031806,40081332,37259840,40563794,35355063,38088858,42058336,41984109,39241029,43645756,40477278,41616787,44871411,38981788,38686538,41143329,37214009,43813748,42799285,41829362,38216943,40809150,36885234,40573602,41160397,35762528,38374997,35221197,29731205,38824707,36970386,33572417,36614847,37430942,35260544,35278954,35998057,33630636,34868755,30382944,30949946,33661999,32237957,32922385,34067889,31906437,33527949,32761041,33929792,37482999,39473257,36734901,33032643,39987555,34542072,39149517,36416610,36874744,38702897,35732238,39347126,41476983,40104280,38491510,34609596,39745452,38382736,42887787,41054575,44972517,43802120,41439605,47127052,45114564,42566514,41553606,36074448,40340098,41294888,42637579,38979868,42030046,40998179,39450625,42282537,42489886,41580603,41180559,39473778,40442559
Retail Sales Index_ln1,57.521,38.141,46.821,42.098,44.176,43.085,45.037,45,46.408,45.172,47.094,52.429,52.51,48.954,45.154,43.457,44.629,44.888,46.73,44.138,45.921,46.364,48.354,58.031,60.761,39.304,46.806,44.748,45.558,47.322,51.56,45.985,47.807,44.729,44.748,49.37,56.664,38.227,37.681,47.893,43.394,44.301,45.982,41.789,40.628,40.794,44.329,53.154,51.133,43.069,46.171,46.762,48.61,53.783,51.869,53.536,55.557,53.853,55.296,62.054,73.225,47.765,59.466,60.2,62.506,68.719,68.589,63.28,66.551,60.321,69.813,78.79,83.053,61.989,75.694,67.868,70.572,70.109,67.945,70.93,63.348,63.549,69.385,79.106,78.065,61.012,74.712,66.003,63.758,66.585,71.754,66.182,64.059,65.569,71.139,86.266,86.539,56.381,70.518,67.49,75.657,73.243,78.781,71.038,74.597,76.821,80.131,96.649,94.134,82.387,88.365,78.423,81.983,86.342,85.656,79.1,81.312,87.076,88.804,97.82,106.07,79.315,97.026,88.554,89.387,94.053,94.825,87.719,90.349,97.175,91.037,108.596,112.054,80.654,105.692,93.799,101.554,100.587,99.183,91.878,96.382,101.342,102.14,116.968,116.008,98.653,105.203,98.624,105.145,116.154,96.574,95.885,100.621,102.714,97.699,114.901,118.844,93.447,104.677,100.536,104.724,105.609,102.325,95.764,103.319,94.323,92.42,111.567,101.766,85.741,95.717,87.166,91.604,94.662,91.372,89.918,89.021,90.045,90.171,106.067,104.603,90.88,91.835,83.795,85.951,86.926,88.914,89.502,90.459,88.471,90.251,109.389,104.715,77.858,90.304,88.784,92.447,94.531,96.415,90.147,87.096,93.742,93.247,112.921,105.613,88.174,96.056,90.549,93.061,94.566,93,92.523,89.452,92.983,93.509,110.131,101.527,89.129,91.732,90.642,95.868,93.163,90.151,89.835,87.742,88.392,89.21,108.481,106.592,81.842,92.009,84.954,90.959,90.559,90.649,90.6,89.287,94.01,92.85,110.825,102.651,94.118,94.792,90.384,96.965,97.703,96.168,97.666,93.028,97.136,97.431,113.691,109.134,90.829,98.323,91.781,98.852,97.768,98.081,96.477,93.861,98.048,97.154,113.559,112.316,88.618,100.914,92.281,99.209,99.224,98.807,98.851,92.407,96.917,101.14,119.317,102.671,95.594,98.787,93.076,98.697,100.425,95.724,97.714,94.169,97.567,100.098,112.753,110.064,86.058,98.08,91.262,96.466,91.088,94.109,93.497,91.402,92.827,94.3,107.779,103.985,77.619,
Index Of Industrial Production_ln1,27.068,25.899,34.597,27.846,28.949,31.545,31.352,35.116,35.7,32.649,33.104,33.818,33.623,27.522,38.166,31.156,31.675,31.092,32.065,32.649,33.363,33.493,31.741,33.689,31.805,26.549,35.766,31.871,31.741,34.532,34.792,34.921,38.166,36.089,34.467,37.063,30.053,30.962,39.27,32.844,30.702,34.467,32.844,32.649,37.907,33.233,33.299,38.166,33.039,32.13,41.932,34.727,36.544,41.348,38.751,38.945,43.359,41.282,39.854,40.958,42.451,35.246,43.489,38.037,43.879,46.085,43.036,46.865,49.656,49.072,46.865,49.201,37.972,40.049,46.475,38.426,39.465,38.622,37.128,36.934,38.622,38.945,40.763,38.426,39.011,35.246,44.593,41.607,44.852,45.762,44.139,43.099,43.165,43.749,40.309,46.021,44.333,34.532,47.319,39.984,40.958,42.97,41.348,47.773,45.696,52.057,43.619,46.345,47.189,44.333,47.579,48.617,49.007,51.149,48.812,49.72,51.343,52.706,48.228,61.274,52.252,39.595,51.798,50.565,49.916,56.926,51.798,55.628,62.768,62.702,58.418,64.649,52.252,53.68,64.26,51.538,54.979,69.648,62.119,58.613,66.856,64.975,68.025,68.349,60.366,56.536,64.26,62.897,64.13,62.248,77.567,67.246,64.845,67.181,66.077,65.623,65.364,62.312,75.684,59.586,55.498,63.676,60.561,59.197,66.986,59.002,61.664,56.86,48.552,55.172,51.278,60.041,58.224,59.457,71.466,66.597,62.702,60.561,55.757,65.558,68.479,66.013,78.15,89.51,92.366,76.333,78.086,71.206,78.995,78.476,78.735,71.336,86.03,73.299,93.871,83.284,78.575,86.545,82.331,81.37,84.931,83.66,76.923,89.302,77.464,82.255,90.683,81.674,83.622,93.232,84.123,79.059,81.867,79.517,79.075,90.74,77.583,69.502,87.429,85.877,85.784,88.892,86.583,81.85,89.432,86.17,84.445,96.532,80.329,78.601,98.085,90.441,84.142,89.546,88.873,84.98,88.396,86.446,82.818,94.793,82.046,76.028,87.878,82.561,83.113,87.148,83.485,80.99,82.831,83.622,80.514,83.524,83.053,73.476,88.517,85.265,83.451,88.094,80.731,81.796,89.338,84.633,89.914,102.247,86.381,80.913,98.422,90.954,87.595,100.241,99.537,98.575,102.393,97.569,95.387,99.786,102.219,85.148,104.974,100.846,98.989,108.473,106.179,101.853,102.885,102.642,101.901,101.612,106.9,88.563,96.823,105.106,96.606,105.115,111.195,94.435,101.416,106.669,89.358,97.815,110.843,87.905,112.811
Consumer Price Index (CPI),0.2,0.1,-0.3,0.5,0.4,0.1,-0.2,0,0,0.1,0.2,-0.4,0.3,0.8,-0.4,0.1,0.5,0.1,0,0.1,0,0,0.2,0.2,0.2,0.5,-0.5,0.5,0.2,0.2,0.4,0.3,0.2,0,0.1,-0.1,-0.3,-0.1,-0.5,0.1,-0.2,-0.1,0.1,-0.1,-0.1,-0.2,0.2,-0.2,0.2,0.1,-0.3,0.3,0.2,-0.1,0.1,0.1,0,-0.1,0.1,0.1,0.4,0.5,-0.3,0.1,-0.4,0.2,0.5,0.5,0,0.1,0.2,0.2,0.4,-0.2,0.2,0.3,-0.4,-0.5,0.6,-0.1,-0.1,-0.3,-0.2,-0.2,-0.1,0.3,-0.1,0.1,0.3,-0.1,0,-0.1,-0.1,0,0.2,0,0.3,-0.2,0.3,0.2,-0.6,-0.3,0.6,0.1,0.1,-0.1,0.1,0.2,0.2,1.2,-0.7,0.7,0.2,-0.8,0.8,-0.1,0.2,0,0,-0.3,-0.7,0.7,-0.3,0.6,-0.2,-0.9,1,0.5,0.1,0.4,-0.1,0,-0.2,0.2,-0.3,0.5,-0.2,-0.6,0.8,0.1,-0.1,0.4,0,0.3,-1.6,0.7,-0.1,0.8,0.7,-0.2,2,0.5,-0.5,1.4,0.8,-0.7,1.1,0.7,0.1,1.6,0.6,-0.2,1.1,0.4,-0.2,1.1,-0.1,-0.9,0,-0.3,-0.6,-0.6,0.5,-0.4,0.9,0.4,-0.4,0.6,0.1,-0.6,0.7,0.4,0.1,0.9,0.6,-1,1.3,0.5,0.1,0.4,0.3,0.2,1.6,-0.1,0.1,0.3,0.6,-0.2,1.5,0.7,-0.2,0.4,0.6,0,0.9,-0.3,0.8,0.5,0.2,0,0.2,0.6,0.6,-0.2,0.1,0.7,0.2,1,-0.5,-1.5,0.4,0.2,0.3,0.8,0.1,0.2,0.7,-0.3,0.1,0,0.3,-0.4,0.3,-0.2,-0.3,0.5,-0.2,-0.3,0.2,-0.1,-0.2,0.1,0.2,-0.6,0.5,-0.1,-0.4,0.1,0,-0.4,0.2,0,-0.2,-0.1,0,-0.1,-0.7,0.7,-0.3,0.5,0,-0.3,0.3,0.2,0.2,0,0,-0.3,0.3,-0.1,-0.2,0.3,0,-0.3,0.6,-0.1,-0.2,0.5,-0.2,-0.5,0.6,0.1,-0.1,0.4,0,-0.3,0.2,0.1,-0.3,0.6,0,-0.2,0.6,-0.3,-0.5,0.6,-0.1,-0.2,0.3,0.2,-0.2,0.1,-0.3
Export Price Index_ln2,150.342,149.563,148.269,147.518,147.152,146.96,145.96,145.475,146.151,145.769,145.71,146.226,144.975,143.96,142.914,142.343,141.621,140.739,139.81,138.547,139.09,139.238,136.752,137.31,133.957,133.515,133.765,132.458,130.912,129.957,129.354,130.957,131.957,133.721,135.37,136.252,138.077,135.251,130.927,129.28,129.883,130.5,131.5,132.62,132.163,129.5,127.824,127.117,128.221,129.015,129.383,130.854,130.573,130.383,131.441,133.029,135.561,135.222,135.516,135.795,135.572,137.382,138.917,137.62,139.133,139.617,141.181,141.515,143.252,143.756,140.533,137.627,135.655,135.612,135.93,136.614,136.158,134.266,130.114,128.666,129.125,127.014,124.229,124.382,123.554,124.015,125.928,125.011,123.569,121.766,119.777,119.676,120.044,121.268,118.971,119.708,119.428,121.071,120.274,118.733,116.571,116.691,116.923,116.922,116.061,115.533,116.097,116.24,117.023,116.733,116.807,116.327,118.79,118.28,118.481,120.047,118.958,119.728,117.186,114.962,114.1,115.179,117.897,120.219,118.191,120.11,121.557,122.154,124.785,124.726,122.182,121.452,125.624,125.964,123.689,124.285,123.407,124.157,124.192,123.4,122.383,119.972,118.035,117.514,116.64,117.073,117.238,117.941,117.886,118.877,118.699,118.14,118.816,117.672,119.806,119.886,118.6,117.907,119.492,120.05,123.259,125.617,127.07,124.231,122.675,116.844,112.164,108.938,107.851,108.322,108.174,108.615,107.609,110.387,110.001,111.82,110.711,110.371,110.825,110.851,111.661,112.503,112.616,112.939,112.41,111.883,110.614,110.232,109.124,108.696,109.787,110.899,111.96,113.635,115.333,116.138,113.871,113.237,112.085,110.567,112.723,114.589,115.39,115.13,116.675,115.423,116.293,116.162,114.019,111.414,110.668,111.88,111.359,109.676,108.52,108.015,108.931,110.82,110.073,108.234,108.055,109.81,110.578,110.566,110.186,108.581,108.328,109.147,109.31,109.244,108.974,108.142,107.681,107.905,107.044,106.78,106.818,105.036,104.804,101.248,98.359,101.095,101.459,100.215,100.708,101.03,100.064,99.9,99.264,98.409,97.857,95.91,94.393,92.952,92.713,91.869,94.246,93.612,92.548,92.086,93.4,95.764,96.696,99.807,99.954,98.971,97.374,97.178,96.76,94.95,94.926,95.01,95.672,96.841,97.464,97.375,96.935,96.54,96.327,97.285,100.076,100.83,101.857,102.1,103.547,104.561,101.81,98.132,97.699,98.906,99.246,100.021,99.974,98.13,99.298,99.775,99.97,97.888,96.057,96.195,96.11,96.186,92.883
Import Price Index_ln2,109.666,109.698,109.32,109.416,109.124,108.701,107.576,107.414,107.728,106.517,106.494,106.776,106.602,105.879,104.991,104.288,104.201,103.378,102.459,102.666,103.162,103.378,103.389,102.957,101.982,100.921,100.556,99.603,99.138,98.422,97.904,99.288,100.717,101.181,102.524,103,102.666,101.767,99.342,98.488,99.332,99.613,98.898,99.808,100.522,99.311,97.999,97.169,97.58,97.753,98.553,100.197,100.771,100.122,100.402,101.181,103.108,104.299,104.776,105.5,107.919,108.867,110.106,109.33,109.993,110.923,110.964,110.151,111.863,112.42,111.256,109.123,108.917,109.141,109.547,110.701,111.352,110.772,109.94,108.607,108.303,107.997,107.396,106.559,105.873,106.038,107.014,107.713,107.791,106.666,106.382,106.486,106.949,107.501,106.203,106.509,106.896,108.658,109.307,107.686,106.48,106.349,106.485,107.075,106.029,106.447,106.634,106.714,107.166,106.525,107.255,107.334,109.276,109.383,109.714,110.94,109.733,111.006,109.575,108.42,108.673,109.009,111.71,113.299,112.762,115.004,116.233,116.867,118.635,118.296,116.807,116.422,118.284,117.987,117.851,119.034,118.854,119.954,120.133,119.975,117.46,115.428,113.986,114.071,111.919,112.73,113.718,114.285,115.043,115.893,115.974,116.228,117.241,116.62,118.351,118.62,117.941,117.745,118.558,119.011,122.255,125.51,127.315,125.695,122.615,116.36,109.773,105.926,106.756,107.49,108.237,108.002,108.046,110.901,110.111,111.894,110.116,110.207,111.336,110.658,111.279,110.993,111.046,111.767,110.37,110.147,109.515,109.229,108.544,109.074,109.804,111.64,113.03,115.507,116.868,117.22,115.186,114.715,114.173,112.928,114.982,116.9,118.027,117.488,119.541,119.143,120.297,118.881,115.844,112.614,112.69,114.562,114.784,112.785,111.059,110.737,112.396,114.047,112.747,110.474,110.366,111.555,111.967,112.857,112.529,111.262,111.437,112.705,112.697,112.833,112.215,111.274,111.202,111.304,110.605,109.509,108.615,105.297,102.88,97.911,93.106,97.436,97.412,97.377,98.894,98.359,95.666,93.905,93.877,93.516,92.387,89.368,87.656,86.726,87.45,87.48,89.907,90.339,89.151,89.053,90.001,92.497,93.243,97.249,97.604,97.019,94.965,95.825,94.921,93.205,92.853,93.49,94.449,95.638,97.063,96.857,95.877,95.133,95.075,96.481,99.972,100.708,102.221,102.99,104.267,105.608,102.606,99.062,97.704,98.759,99.979,100.781,101.016,99.208,99.637,98.975,99.123,98.442,97.36,96.613,97.011,97.151,91.712
Singapore Manufactured Products Price Index_ln2,134.912,135.269,134.753,132.544,131.934,132.053,131.247,130.755,130.954,131.008,131.047,131.683,131.523,130.372,128.785,128.241,127.102,126.402,122.724,122.67,122.299,121.492,121.624,122.259,118.435,117.23,117.098,115.709,114.61,113.855,112.307,113.233,113.829,114.861,115.787,115.934,115.934,114.015,110.468,110.72,110.733,110.256,110.52,110.653,109.131,108.708,107.331,105.994,105.862,106.828,106.378,109.092,109.065,109.421,109.661,110.917,112.122,113.114,112.678,113.114,112.543,113.725,116.624,116.693,115.119,115.743,118.188,117.125,120.006,120.313,121.032,118.072,117.292,117.083,117.187,118.359,118.625,118.178,117.084,116.277,114.23,113.928,111.45,111.199,108.607,108.564,109.674,110.475,109.408,108.059,106.109,106.016,107.437,106.098,107.466,106.8,106.918,109.028,110.161,108.808,105.874,106.184,105.979,106.842,106.028,105.307,106.689,107.011,107.984,109.29,109.306,108.179,110.35,110.693,111.45,114.375,115.557,116.777,116.282,113.293,111.725,112.898,116.98,118.975,117.336,118.03,119.132,120.597,123.476,122.208,119.314,119.076,122.259,121.361,121.341,122.541,122.289,123.904,124.511,123.833,120.97,118.29,116.235,115.686,113.998,115.275,116.747,118.1,119.519,120.204,119.964,119.168,120.131,120.422,123.478,123.571,122.406,122.561,124.113,125.754,131.169,135.277,134.72,130.411,126.915,117.189,107.2,101.952,102.975,102.936,103.079,104.931,105.669,108.576,107.577,110.252,108.4,107.908,109.365,109.04,109.977,109.756,110.327,112.095,110.095,108.559,106.604,106.563,105.636,106.49,107.149,109.79,110.521,113.836,116.53,118.334,114.643,113.419,113.1,111.922,113.313,115.836,115.575,115.543,118.632,119.093,120.281,118.448,115.828,113.275,112.996,113.67,112.872,111.475,110.408,110.461,111.215,112.937,111.897,109.269,109.732,110.677,111.644,112.323,111.833,111.749,110.92,110.908,111.259,112.254,110.456,109.373,109.061,108.324,106.987,106.873,106.01,105.087,103.781,100.106,96.58,99.138,100.33,100.561,99.901,99.34,98.339,96.469,96.711,95.896,95.715,92.411,90.339,90.927,93.601,89.785,94.62,91.536,89.303,89.311,93.009,93.297,93.574,97.619,98.408,97.916,97.222,96.568,95.086,93.8,92.766,93.738,95.154,95.249,96.299,97.068,98.864,97.703,96.939,98.214,101.518,101.294,102.598,102.221,102.574,101.971,99.323,96.781,95.695,96.633,98.062,96.608,97.32,95.474,96.142,98.008,97.956,96.853,95.798,95.608,94.668,94.58,92.587
International Visitor Arrivals_ln2,575652,556744,619688,548881,535270,549326,676075,688445,583492,588420,589339,625206,599742,595491,641447,584109,551828,586963,651103,655073,548876,600917,599164,677653,612265,634403,657483,595444,582119,607848,692050,645090,564369,495322,535236,576242,509727,497566,519496,491496,548506,487361,556870,569901,482654,498695,506970,572910,570444,517554,580426,524455,558554,575055,629435,629991,557649,604306,594301,616031,637852,601281,640922,636970,595838,609008,707413,695965,612708,636185,625618,691639,658216,592592,665565,613320,605891,609958,714944,693902,593827,569622,534049,670277,596710,598861,655151,622301,606144,601969,679574,671638,597453,638673,588742,709616,641734,613395,559945,203562,177808,316587,540914,602240,556871,586390,635716,691786,651951,591565,626350,653156,660347,687016,802890,746317,658510,696431,752614,801497,668334,627367,732753,702985,709777,747475,877392,811099,705110,745129,786117,829483,767908,728158,819985,816654,766181,788955,914879,870763,715527,857821,800732,903578,825919,758341,858661,819505,821248,850514,952836,913181,771453,917427,841648,953812,885290,813028,910635,829438,833604,822954,922569,850016,745794,849400,765325,888001,772138,689935,791236,778975,726391,750404,882107,844649,799496,844953,830173,972233,908495,857387,928903,939013,946676,951032,1095047,996899,947585,978913,964170,1127581,1055990,990118,1071960,1103320,1054104,1080066,1273870,1178511,1033747,1085193,1027787,1216637,1198507,1134554,1243133,1201953,1146448,1157739,1283611,1313604,1051348,1192580,1212079,1360536,1291718,1221365,1368891,1274246,1288282,1288950,1419657,1483520,1176142,1203746,1184002,1367404,1345842,1238239,1297551,1245307,1208532,1181422,1408400,1362935,1098626,1203527,1144230,1360541,1252608,1188818,1201648,1208624,1222836,1184747,1519233,1445062,1131976,1246947,1203992,1424978,1412123,1335099,1406607,1393975,1357546,1270542,1622417,1481908,1144144,1237675,1235433,1506134,1480479,1361010,1480161,1470750,1363897,1387601,1632135,1559283,1320050,1402299,1397330,1569616,1563359,1491970,1584406,1544248,1470891,1544679,1732896,1683122,1415149,1467380,1406985,1603217,1624543,1499048,1564644,1596631,1487695,1551536,1802058,1735759,1463030,1529751,1532974,1724116,1687496,732127,
Govt 1-year Treasury Bills Yield_1,1.6,1.53,1.1,0.65,0.65,1,1.63,1.54,1.5,1.35,1.4,1.21,1.33,1.25,1.02,1.2,1.33,1.12,1.35,1.45,1.65,2.2,2.35,2,1.62,1.35,1.8,1.6,2.83,2.75,2.83,3.1,2.63,3,3.35,2.6,2.65,1.7,1.73,1.83,2.6,2.6,3.2,4.15,3.33,2.15,2.4,1.5,1.85,1.85,1.38,1.15,1.35,1.85,2,1.85,1.05,1.02,1.5,1.25,1.71,1.92,2.1,2.01,2.97,2.64,2.6,2.62,2.59,2.58,2.61,2.57,2.22,1.76,2.1,2.14,2.16,2.14,2.15,2.11,1.68,0.66,1.16,1.15,0.98,0.93,0.96,0.99,0.97,0.94,0.8,0.86,1.2,0.95,0.8,0.79,0.72,0.68,0.7,0.64,0.6,0.64,0.69,0.87,0.79,0.84,0.92,0.83,0.85,0.77,0.71,0.8,0.87,0.93,1.05,1.34,1.44,1.33,1.33,1.32,1.55,1.8,1.94,2.08,2.04,1.96,1.9,1.95,2.25,2.36,2.88,2.85,2.8,2.79,2.92,3.04,2.86,2.88,2.93,3.21,3.18,3.15,2.93,3.04,2.98,2.89,2.53,2.31,2.08,2.25,2.39,2.32,2.15,2.17,2.16,2,1.49,1.34,0.96,1.07,1.03,0.93,0.68,1.09,1.7,1.19,0.73,0.74,0.48,0.43,0.44,0.31,0.33,0.35,0.35,0.37,0.39,0.56,0.51,0.55,0.47,0.39,0.37,0.42,0.34,0.37,0.35,0.33,0.34,0.41,0.4,0.42,0.4,0.4,0.35,0.44,0.42,0.41,0.28,0.18,0.21,0.29,0.31,0.37,0.34,0.34,0.32,0.26,0.28,0.27,0.23,0.25,0.3,0.28,0.27,0.27,0.27,0.26,0.27,0.26,0.27,0.29,0.28,0.28,0.29,0.28,0.28,0.3,0.34,0.31,0.34,0.35,0.34,0.34,0.34,0.34,0.35,0.38,0.41,0.72,0.73,0.82,1.06,1,0.97,0.96,0.94,0.99,1.34,1.29,1.13,1.01,1.09,1.05,0.95,0.99,0.91,0.88,0.88,0.8,0.79,0.93,0.92,1.13,1.05,1,1.02,1.04,1.04,1.07,1.17,1.19,1.22,1.33,1.39,1.73,1.38,1.56,1.76,1.74,1.73,1.78,1.74,1.73,1.84,1.96,2.04,2.04,2.04,2,2.05,1.99,2.05,1.97,1.8,1.83,1.84,1.68,1.65,1.73,1.5,1.54,0.83
Govt 5-year Bond Yield_1,4.01,3.91,3.29,2.82,2.45,2.57,3.15,3.07,2.96,2.86,2.83,2.75,2.74,2.7,2.29,2.29,2.29,2.32,2.51,2.45,2.53,2.84,3.03,2.98,2.94,2.95,3.18,3.15,3.46,3.39,3.4,3.61,3.59,3.56,3.96,3.89,4.01,3.92,3.98,3.89,3.95,3.94,4.04,4.76,4.88,3.95,4.16,3.8,3.54,3.66,3.43,3.03,3.66,3.79,4.14,3.93,3.54,3.77,3.67,3.7,3.96,3.75,3.73,3.72,3.83,3.86,3.88,3.84,3.72,3.7,3.5,3.44,3.16,3.01,3.11,3.04,2.96,2.97,2.92,2.88,2.9,2.35,2.98,3.42,3.36,3.11,3.2,2.97,2.95,2.78,2.6,2.46,2.43,2,1.89,1.74,1.58,1.43,1.48,1.48,1.32,1.41,2.06,2.58,2.5,3.1,3.11,2.74,2.35,2.25,2.11,2.26,2.34,2.4,2.27,2.28,2.42,2.31,2.21,2.07,2.26,2.46,2.7,2.45,2.33,2.25,2.2,2.39,2.59,2.8,3.08,3.01,3.18,3.29,3.35,3.23,3.21,3.38,3.3,3.27,3.1,3.11,3.01,3.03,3.07,2.99,2.7,2.47,2.62,2.58,2.7,2.65,2.53,2.54,2.44,2.33,1.58,1.65,1.64,1.82,2.62,2.64,2.01,2.19,2.4,2.02,1.53,1.4,1.4,1.08,1.42,1.34,1.29,1.45,1.32,1.32,1.43,1.33,1.31,1.28,1.26,1.3,1.28,1.08,0.91,0.76,0.59,0.68,0.88,0.89,1.18,1.4,1.16,1.15,1.19,1.1,1.14,0.99,0.59,0.5,0.53,0.59,0.58,0.6,0.49,0.62,0.64,0.54,0.55,0.42,0.43,0.4,0.42,0.38,0.41,0.31,0.4,0.37,0.54,0.47,0.96,1.17,0.88,1.08,0.92,0.69,0.63,1.08,1.57,1.43,1.54,1.45,1.3,1.19,1.27,1.3,1.67,1.47,1.44,1.6,1.37,1.62,1.83,1.59,1.7,2,2.04,2.17,2,1.86,1.95,1.9,1.89,1.85,1.45,1.61,1.79,1.51,1.43,1.32,1.32,1.34,1.7,1.85,1.73,1.59,1.76,1.59,1.56,1.51,1.54,1.56,1.65,1.66,1.72,1.68,1.88,2.02,2.05,2.18,2.3,2.28,2.19,2.1,2.24,2.3,2.12,1.9,2,2.06,1.93,1.98,1.92,1.77,1.77,1.68,1.66,1.64,1.62,1.56,1.44,1.28,0.99
M3_ln2,127045.3,126732,126759.3,127798.2,129929.4,130988.1,129939.3,131274.3,131915.9,132077.9,134386,136736.6,136156.6,137154.7,138734,139900,141107.5,142140.9,143675.2,144012.5,144177.1,143484.8,145755.3,148494.7,150098.9,150820.4,153796.6,155258.3,155875.1,156338.1,157372.5,157689,157836.7,157842.5,158459.9,160766,161368.7,163143.4,164787.9,164361.5,165620.4,165513.3,167936.3,168170,169505,169961,170000.5,173581,174018.1,174689.3,175955.1,176779,178503.5,179560,180411.5,181448.9,181834.6,181214.9,181400,186183.7,186094.7,184783.9,184516.5,181491.7,181523.3,183262.7,181582.4,180213.2,178373.5,177699.1,180257.7,182912.7,183865.3,184381.3,186059.6,187223.6,186247.1,184724.3,181049.6,181532.3,184494.4,185362.4,190626.8,190316.9,189090.7,189173,191964.2,189979.2,188956,188514.8,187694,185674.6,185326.3,186370.4,188059.1,188815.4,190001.1,190394.6,191745.3,191476.6,191406.9,191646.7,192676.7,192868.3,191907.6,198784.7,198620.5,200044.3,205688.8,206222.4,206960.8,209420,209464.9,209543.3,209463.8,208381.6,205928.5,207908.9,209040.7,212182.7,210687.5,212058.9,215731.6,216340.3,216370.1,219239.2,220700.1,221005.3,223080.5,225092.5,225206.3,225699.6,225120.9,230062.1,233590.3,236965.8,242723.7,243714.4,244372.7,249353.4,251352.4,256870.5,260901.4,268749.1,272593.1,279809.4,286753.9,291541,296953.8,301275.4,300570.2,300642,302682.3,304600.2,305781.9,306754.9,309050.4,315635.4,322708.4,327653.4,323808.2,325082.4,329677.4,326918.9,333807.8,340621.7,340866.2,342387.5,346731.5,349116.5,357888.1,357721.7,358377.8,364357.1,366333.9,365540.1,368948.1,369763,372555.1,378526,381712,380811.8,387088.5,387489.4,388600.8,389522.2,392251.1,394175.4,397889.5,405547,408443.6,410109.3,413252.4,413384.1,420393.6,429575.6,429927.1,430852.8,438572,438711.4,442643.3,447564.3,450301.9,451666.3,455065.3,453419.5,462452.6,458490.5,460438.6,460654.5,466360.5,472397.1,471458.2,473645.8,480255,485915.4,494996.5,498475.3,503054.8,503331.8,506641,503124.4,501241.4,506342.8,506766.6,506756,505016.5,506900,512030.3,509522.9,512353.4,509910.4,505580.7,506275.4,509942.8,514655.3,516902,517442.8,518333.9,524166.4,526748.3,527613.5,533748.7,533771.9,531299.9,524980.9,523902.9,524501.6,533721.4,533050.5,533902,532944.5,533108.4,533736.3,545525,548594.3,547908.2,547225.4,552579.4,557052.7,560299.1,568056.8,571452.4,573906,575899.5,574969.5,584744.8,584997.4,585494.6,585380.3,588208.7,589409.7,590098.4,593622.4,589855.1,592339.7,595670.3,595973,601175,604266.1,602585.9,601390.5,604088.6,610802.1,610324.6,611585.8,610405.2,615263.8,619236.5,620587.3,629904.5,635219.3,635570.9,634044.6,634276.9,638167,640385.4,641508.7,647086,646712.1,656021,660555.8,673254.4
M2_ln2,95228,94617.5,94669.8,95750.1,97489.8,97999.4,96830.7,97912.6,98480,98481.7,100309.9,101967.3,101796.7,102726.8,104719.7,105812.4,106882.9,107702.8,108813.6,109112.3,109379,108708,110921.2,111950.8,113064.4,113662.2,117034.9,118223.4,118914.1,119088.7,119912.5,120383.2,120542.7,120879.8,121592.3,123443.4,124397.1,126271.7,128026.9,127177.6,128601.7,128747,131317.7,131438.7,132561.7,132362.5,157116.7,160783.9,161256.5,162165.2,163583.3,164564.3,166777.7,167872.8,168780.3,169799.3,170252.3,169633.7,169825,174474.4,174363.9,172999.5,172663.3,169661.8,169550.8,171720.6,170032,168497.1,166563,166084,168472.9,170897.8,174436.7,174810.6,176415.6,177541.1,176520.6,175063.2,171436.2,171886.7,174918.6,175736.9,181117.1,180908.5,179503.3,179702.9,182595.4,180744.1,179866.8,179476.4,178786.9,176905.7,176642.5,177757.6,179633.8,180308.1,181528,182079.5,183525,184468.8,184342,184650.2,185714.4,185946.1,185136.2,192083.9,193472.8,194828.5,200442.1,200990.4,201702.9,204168.3,204339.7,204370.5,204299.7,203208.2,200748.9,202710.7,203842.7,206977.9,205498.9,206858.4,210430.6,210981.9,210941.1,213696.2,215162.7,215417.2,217358.8,219287.4,219421.3,219798.3,219128.1,224040.2,227494.5,230903.9,236538.2,237497,238232.3,243224.2,245129.7,250631,254616.2,262369.8,266098.7,273110.6,279843.9,284475.2,289477.5,293612.5,292327.5,292325.4,294139.2,295743.2,296734.3,297558.9,299682.9,306221.9,313280.4,318322.5,314463.8,315700,320481.3,317784.9,324687.2,331584.3,331808.7,333411.1,337912.9,340379.8,349271.7,349240.2,350152.3,356326.7,358460.6,357859.2,361397.8,362243.9,365183.1,371207.9,374440,373683.3,380012.7,380527.4,381641.9,382551.5,385377,387259.5,390954.6,398628.3,401433.8,403096.1,406263.3,406298.1,413280.1,422505.3,422747.8,423533.7,431330.5,431272.3,434828,439525.6,442149.5,443358.1,446492.4,444783.8,453491.6,449445.1,451138.6,451109.9,456564,462418.9,461174.4,463239.5,469762.5,475392.5,484422.1,487787.7,492231.9,492539.1,495735.7,492048.5,490401.8,495460.5,495802,495947.8,494175.8,495907.8,501078.2,498629,501286.5,498822.8,494321.5,494763.8,498484.7,503021.7,505022.2,505641.8,506486.9,512430.8,514861.2,515797.1,521859.6,521658,518979.5,512528.6,511517,512063.5,521195.9,520457.1,521194,520239.7,520406,521134.6,533044.2,536003.5,535236.9,534616.3,540090.9,544686.7,548096.1,555969.1,559575.5,562087.4,564199.1,563342,573038.3,573331.8,573872.6,573652.9,576483.8,577435.4,578080.3,581660.7,577875.7,580250.9,583610.6,583608.7,588612.9,591653.7,589924.7,588585.9,591504,598071.5,597720,599035.9,597842.9,602700.2,606644.2,607913.6,617165.3,622264.8,622405.9,620328.2,620413,624278.2,626436.9,627568.8,633044.8,632541.2,641820.3,646295.1,659002.8
M1_ln2,25164.6,23334.1,23834.6,24375.8,26045.4,24683.7,24235,24493.7,24657.6,24501.3,24478.9,25349.2,26239.6,26118,25927.4,26491.3,26111.7,26411.8,26195.6,26072.5,26547.7,26085.1,26505.8,27040,28847.3,27918.6,28465.9,27666.1,27582.4,28240.6,27992.9,27948.8,28012.8,27718.8,27251.2,27510.9,27763.5,26307.3,26609.9,26416.9,25253.4,24913.1,25112.8,25211.4,24920.6,25582.2,25950.4,27239.1,28096.2,28287.2,28988.5,28739.4,28919.7,29624.7,29993.9,28439.6,28762.6,28644.2,29834.9,31109.1,31331.4,30355.1,32072,30734.4,30596.5,33070.2,32428.1,31603.2,31724.6,32370.4,32932.9,33261.9,34902.9,33786.3,34652.2,34230.1,33973,34200.4,33555.4,33277.1,34271.2,35316.7,35438.2,36082.9,35798.1,36473.1,36269.4,34710.1,34330.8,34882.6,34502.4,33988.7,34001.4,34172.8,35338,35828.2,36451.7,36119.1,36868.3,36461.7,36552.9,36709.2,37164.5,37316,38026.8,38458.9,38630.3,38722.6,40123.5,40463.7,41418.6,40399.7,41832.1,41118.9,42069.6,41430.3,41891.9,43491.4,43887.2,44162.3,44473.3,43192.9,45021.1,44666.6,45294.8,45778.2,45726.8,44894.6,45727.8,46137.9,46783.6,46085.9,47000.5,47081.3,48303.2,49003.2,49565,48776.9,48943.9,50080.7,49201.8,49981.1,50684.8,52242.6,54334.7,55125.8,55448.1,55488,58313.9,59761.1,60075.4,61169.8,60941,63206.1,62724.4,63938.6,67827.4,69445.1,68875.7,71576.6,71909.3,73016.5,73080,73527.8,75633.7,75250.7,74390.7,75703.8,83221,82491.3,85167.5,84579.2,84953.7,86745.7,87984.4,89258.3,91190.9,91869.7,93287.3,93472.1,95051.9,96888.1,96996.4,99123.6,101843.3,102467.2,102968.7,105553.6,106801,108364.1,111995.3,112487,116792.3,116065.1,118367.5,122410.1,123048.2,123669.3,124787.4,127927.4,129515.3,130614.7,132202.1,130591.9,130428.8,127819.9,128880.3,130421.6,130477.9,130385,131950.6,132457.8,132188,134343.9,137736.1,140709.1,144982.3,145682.4,148859.7,150369.9,152169.2,155914.1,152953.5,154904.9,154040.7,153956.1,154149.2,154597.3,160546,157073.4,159132.4,157566.7,157521.9,154627.1,156345.8,157585,156497.3,160142.4,161214.9,160217.7,160673.5,161904.9,162735.7,159498.7,158814,158285.8,159413.1,161233.2,158582.8,158350.1,160562.1,160445.8,159632.2,158507,159733.9,160779.8,162900.5,160863.5,161833.4,163745.7,166641,170082.9,172498.9,172753.5,173881.5,171810.4,173952.3,175193.8,176275.9,183030.6,184356.6,184710.4,186956.3,189996.6,189962.1,188531.4,190348.7,190859.1,193198.5,195501.5,192534.3,190667.8,190235.9,190436.4,188403.8,189806.6,189970.6,188797.6,189587.6,189534,192115.4,193606.4,192541.8,193034.6,189775.4,193595.8,191709.9,193295.5,198164.4,195665.7,199571.7,202581.4,213048.2
Loans & Advances Of Banks Including Bills Financing_ln2,93429.4,94735.4,96587.1,98407.4,100303.8,101020.5,102530.2,104369.8,105536.7,106297.1,107908.6,108974,110813.7,111918.7,113161.1,115531.6,117143.8,119361.4,120858.2,122497.4,122879.4,123513.9,124771.4,126987.7,127041,128737.2,129449.5,130700.9,131904.6,132965.1,135926.4,136874.3,139415.3,140966.2,141817,143243.8,142919.2,142068.5,141046.6,140286.9,140303,139994.1,138140.7,138132.8,137544.7,137675.9,152466.5,151640.9,151347.3,149888.7,148360.3,148806.9,148279.6,148954.7,147280.5,147012.8,145754.4,146193,147169.1,147185.5,147654.4,147215.1,146527.9,147419,149169.5,150249.6,150653.8,151280.7,150757.9,152112.7,152722.1,154042.1,158594.9,157658.6,156955.4,158025.7,159531.4,160540,159785.7,159094.7,160694.7,161460.7,163414.1,162920.8,160957.4,160731,159697.8,159627.3,160476.3,161108.4,160719.8,160987.2,161365.8,160572.5,162478.2,161283.4,160997.1,160348,160783.7,162386,164726.5,165191.5,165302.2,165980.7,167026.9,168414.6,170165.4,171443.5,171312.2,172590.4,173011.7,172874.2,174272.1,174733.1,175998.4,176315.3,177027.7,177797.7,180203.3,179088.6,178625.4,178295.6,177643.3,177580.4,179269.1,179320.8,179467.4,180193.3,180450.6,180278.9,181797.4,183109.4,183221.4,183889.9,182623.1,183275.7,187568.9,189601.2,190416.4,192996.2,193968.8,194004.4,194744.2,194597.6,196448,198420.3,201424.8,201795.2,203802.3,209074.3,211106.8,213764.4,218700.5,224058.4,226391.3,233393.9,236771.2,241800.3,249326.5,250937.5,256767.7,261129.6,265708.3,267837.9,272932.2,275938.6,273193.9,272175.4,271165.2,270514.2,270695.4,269951.8,270762.4,272205.3,271809.2,274523.1,275893,275390.5,278180,281296.8,283263.6,284751.6,286295.5,288047.3,292496,296629.5,298692.5,303118.7,309370.7,313264,318544.8,322743.8,328779.5,334146.6,343394.7,351104,363270.7,374320.3,381792.4,393221.6,405436.5,406579.6,415774.3,420455.5,422105,426363.4,432608.2,435298.4,444984,452567.7,458285.9,468809.4,472323.2,479455,481782.6,490706.5,499609.3,509994.5,517743,522282.4,528750.9,532467.1,539013.5,540793.5,546553.9,554276.7,565797.8,574274.4,582240.2,584465.6,587685.1,591050,597537.5,597798.8,597435.5,604558.1,604506.2,604416.5,608165.8,607200.5,607469.7,603522.2,601093.6,594286,597037.4,606836,610395,613490.6,608277.2,601714.2,603909.2,599756,600195.6,596175.1,590578.7,589774.6,592783.1,590409.9,597230.2,603850.6,603433.6,607978.9,610619.3,617347.4,617112.5,627429.2,627946.8,631206.4,633220.6,635516.8,632596.8,634405.9,640682.4,649563.9,653709.6,651931.6,650624.5,650929.4,661600.2,667135.9,667892.2,673253.8,667527.9,669943.9,669514,671741.3,671874,671734.6,671211.2,672333.9,676135.9,676262,681804.1,687081.6,680704.3,684880.4,684477.8,689415.3,692731.3,692400.5,691154.7,692846,692397
Total Official Foreign Reserves_ln2,85361.8,85292.8,87141.7,89906.9,91544.1,92856.8,94034.4,94754.2,95119.2,96113.7,96859.4,97330.8,98672.2,99765.9,99118.3,100594.5,101190.5,101941.5,102888,104256.2,104663.2,105809.8,106268.1,107739.1,109039.6,110182,113824.6,114286.3,115168.6,115506.6,116945,117568.8,118405.5,118466.3,118610.5,119593.2,119779.2,119876.6,119932.6,120734.2,120690.6,121142.3,119512.6,121262.5,122007.6,123309.8,124057.5,124572.6,125223.9,124591.7,124157.7,126888.3,126679,125693.4,126830.8,127811.7,129448,125631.7,125227.5,128243.3,129579.9,128608.8,127945,128609.4,131798.8,134157.9,132356.9,133100.1,135628.9,136345.4,136613.1,138927,139761.4,139886.7,140006.1,139901.2,137557.4,135685.5,133118.6,132418.6,133091.6,138416,140224.1,139714.3,138040.8,137321.6,139780.9,138398.7,139471.7,141827.9,141391.2,141428.2,143264.9,143484.7,141643.9,142621.1,145495.5,145257.6,147505.8,147918.3,148614.7,152542.7,153066.6,153836.3,157254.8,160958.2,161762.3,163053.5,166469.8,171921.4,171842.2,168465.4,171668.2,174828.6,172416,173214,172494.9,175635,179415.4,183464,182731.7,184222.9,186345.6,190009,192976,194835.3,192549.8,196135.3,195301,195898.6,194017.7,192813,193425.9,193386.5,196584.2,200405,201370.3,202389.5,203632.4,204437.6,205095.8,205660.2,208280.2,208991.8,206764.3,209391.2,208876.1,212811.6,215817.9,220503.9,222655.3,225171.4,226290,229130.5,232362.8,234545.6,237445.1,239359,244904.4,238701.8,239694.6,240417.5,239276.9,241278.9,242230.1,240595.9,250668.2,250346,252567.4,252776.4,253121.5,251452.1,248278.2,250846.1,250569.5,253989.7,256187.3,258066.9,261497,263955.4,266592.4,264428.7,275749.2,278844.1,277757.5,279828.6,281441.1,279550.5,282158.7,286330.3,287680.7,288954.1,290457.6,293289.9,295233.3,296456,296221.8,297444.7,299851.6,299503.6,305284.6,307207.8,308822.1,308403.2,308252.5,307978.2,306232,304483.8,306387,308294.5,303697.4,307074.2,309134.8,310161.8,312134.8,316744.2,320506.3,320732.8,320224.9,322282.6,326845.1,329633.7,332628.1,334426.6,336354.5,336976.5,340879,344729.2,347144.4,347096.9,343252.6,345507.3,346168.7,346494.1,341481.8,341042.9,339510.7,339875.8,339637.8,340438.1,340355.8,340934,340759,333720.2,337430.1,341064.4,342287.1,353157.3,357847.6,349787.3,348368.6,350990.8,348858.2,343215.1,331526.1,336503.9,340224.4,334875.9,337704.5,343875.8,345533,350168.2,355263.8,356253.9,355999.4,354240.4,362802.4,364403.6,365933.1,366634,366063.4,370907.3,373995.6,376065.4,376596.9,373994,369592.9,374143.7,376529.3,380973.3,385143.5,392758.1,393689,396596.9,398061.4,401964.5,397209.6,392095.8,395033.7,395219.9,400696.3,404019.3,365355.8,370557.9,373167.6,377825.2,376475.6,376706.3,377426.7,375782.5,380312,394973.8,397471.1
"Building, Real Estate, Construction and Housing Contracts Awarded_ln1",1349.1,1108.8,1703.2,1618.2,1555.2,1082.9,1308,1278.5,1144.4,1198.2,2158.3,1782.6,1115.7,1560.3,1115,2359.1,1458.3,2983.8,1659.1,1474.3,1886.2,1445.8,1389.3,1843.7,2287.1,1827.8,1615.9,2202,1289.1,2178,2395.5,1712.4,2022.4,3159.3,1695.4,2014.7,657.5,1537.5,2175.9,1759.8,2028.2,1116.1,1527.3,1082.9,813.4,900.5,608.4,2429.3,1245.9,729.6,1312.2,1322.3,1001.9,1324.7,943.9,755.5,786.1,1392.7,715.5,1565.8,1406.6,1705.4,1000.3,1156.6,791.2,6452,881.3,1111.1,769.1,2486.1,819,1584.1,1083.9,902.3,1603.3,1204.9,1671.1,1016.8,894.5,1413.6,662.2,1724,586.4,1538.6,988.3,852.7,1643.8,1063.7,1131.4,2316,702.7,1362.5,949.4,695.4,2025.7,755.1,580.4,459.4,1376.5,579.3,816.1,1205.8,860,554.7,957.1,1178.9,929.3,520.8,696.5,709.6,1176.1,743.9,584.1,1057.5,516.7,1045,548.8,782.8,1513.9,912.7,964.5,1465.1,1909.3,850.2,431.4,575.3,1075,403.4,1068.1,970.6,919,824.4,1275.3,719.4,991.8,1031.4,997.5,1375.3,1553.7,1510.5,3626.2,1174,1177.8,1363.9,1795.8,830.8,1300.7,2967.8,2379.2,1593.5,1356.9,2504.9,1268,3358.1,2358,2746.3,3853.7,2762,3052.9,3450.3,2288.3,3211.1,2506.1,2523.7,3470.6,4091,3102.7,1371.7,1397.8,1449.8,1823.1,2082.6,1058.8,2485.5,1572.9,2719.1,2459,1573.2,1726.4,2170.2,1871.5,1563,2485.6,1598.4,2653.2,3045.3,1395.8,3868.7,1795.2,2244,2283.1,2760.9,3109.7,2345.4,2632.9,2692.5,3389.7,3111.4,2569.5,3135.3,3057.4,2588.6,4219.5,2636.1,1751.3,2305.1,2743,2261.6,4066.4,1773,1610.6,2122.6,3192.9,3289.8,3054.1,2591,2605.9,1634,4089.1,2102.9,1566.9,5146.2,3717.2,2594,2793.1,4168,3175.7,2210.8,4045.6,3543.4,1580.6,4341.7,3517.3,2419.2,3625.3,4667.5,1945.7,4678.8,2163.4,2228.5,2660.1,3282,2462.4,2416.9,2290.4,3345.4,1532.6,1135.9,1448.4,2615.6,2398.5,1445.9,3006.2,1234.7,5471.9,2485.1,1416.8,2365.7,1212.1,2241.1,1916.3,1553.3,1308.8,2191.8,1792.4,1292.6,1686.2,1662.2,1352.5,1867.7,2054.8,1119.2,4084.3,1533.1,3958.4,2394.9,2748.9,3325.6,2312.9,1776,2359.4,2116.6,2670.6,2202,1677.2,2275.9,1443,5627.1,2666.1,2511.2,3448.6,1705.7,2459.1,3111.6,4448.1,2328.3,2838.8,2722.3,2577.2,2706.9,2016.1,1579.7,
Electricity Generation_ln1,1739.8,1543.6,1837.2,1800.7,1913.4,1895.1,1915.2,1897.4,1904.6,1910.8,1853.4,1846.2,1892.9,1662.9,2003.8,1956.4,2074.3,2015.5,2098.4,2046.4,2013.3,2103.1,2022.6,2019.8,2068.9,1795.7,2148.3,2134.4,2312.2,2279.9,2349.3,2347.6,2327.2,2378,2262.8,2305.1,2249.2,2176,2485.1,2412.7,2462.3,2379.1,2417.8,2340.2,2328.4,2435.2,2344.4,2344.4,2311.5,2094,2450.5,2474.6,2541.9,2486.2,2513.2,2542.8,2537.8,2554.5,2490.1,2523,2458.3,2277.1,2592.4,2550.3,2767,2611,2748.9,2732.4,2709.3,2792.5,2716.7,2709.1,2604.8,2466.6,2829.7,2733.2,2906.8,2763.1,2895.7,2849.6,2760.1,2858.5,2699.4,2693.5,2781,2430.9,2886.9,2911.9,3005.1,2909.6,3039.3,3008.5,2890,3061.2,2859.3,2880.8,2906.8,2568.7,3033.9,2932.2,3093.4,2991.4,3018.6,2990.9,2922.8,3018.8,2873.5,2930.5,2895.9,2831.6,3100.9,3101.7,3205.7,3109,3108.1,3150,3086.6,3163.4,3000.4,3056.2,3040.2,2815.7,3266.6,3164.3,3258.1,3208.8,3253,3280.3,3232.7,3295,3157.8,3240.2,3096.8,2950.9,3404.2,3195.2,3404.3,3272.3,3416.3,3403.2,3290.3,3435.7,3303.9,3307,3334.1,3015.5,3495.4,3404,3562.3,3456.9,3514,3521.7,3441.2,3620.3,3397.8,3371.2,3499,3190.1,3466.6,3544.1,3680.3,3489,3588.7,3537.2,3519.9,3548.5,3324.8,3281.4,3206.7,3034.9,3338,3390.6,3558.9,3571.6,3652.1,3656.8,3578.4,3711.3,3494.8,3606.5,3657,3373.6,3872.1,3800.1,3974.5,3740.3,3862.7,3857.2,3762.3,3928.9,3741.8,3796,3736.9,3366.1,3851.8,3768.2,4128.9,3965.2,4042.9,3935.7,3873.4,3840,3742.6,3747.7,3752.7,3655.8,3919.9,3850.4,4075.9,4005.9,4028.3,4040.9,3877.7,4040.1,3842.5,3846.1,3921.2,3445.1,4039,4030.8,4239,4043.6,4158,4162.5,3971.1,4082.9,3918.7,3951.6,3942.3,3667.9,4157.9,4081.8,4264,4201,4338.7,4212.2,4165.9,4251.2,3971.9,4054.9,4118.2,3666.9,4249.6,4173.8,4298.4,4210.3,4419.1,4304.7,4228.8,4389.8,4080.6,4131.4,4199.6,3849.2,4313.1,4304.4,4431.1,4261.5,4366,4477,4345.9,4439.7,4242.1,4357,4294.8,3892.2,4344.4,4187,4514.8,4385.4,4522.2,4555.1,4365.6,4504.5,4283.3,4376.5,4308.5,3923.2,4477.5,4381.8,4623,4445.9,4579,4583.9,4324.4,4535.3,4303.1,4419.2,4555.7,4034.3,4543.6,4495.5,4717.7,4437.8,4658.5,4694.4,4585.6,4565.1,4424.2,4429.9,,,
Cessation Of Business Entities_ln1,2519,1702,1988,1844,1328,1280,1249,1291,3275,1405,1234,3729,1846,1599,2073,2060,1916,2007,1383,2008,1883,2532,1230,2098,2309,1595,2049,1859,1871,1949,1889,1682,1804,1741,1567,2232,1675,2333,2122,2170,1817,2104,2182,2048,1990,2231,2506,2273,1754,1993,2512,2179,2456,2287,2397,2184,2223,2438,2453,2618,2059,2056,2708,2760,2403,2537,2907,2448,2429,2353,2439,1848,2650,1497,2702,5089,1852,1110,967,4353,2191,2218,1439,1466,1441,1319,1327,1598,1117,1239,2014,1629,1335,1579,1518,1612,1353,1771,1122,1976,2420,1322,1334,2514,1697,2289,2034,2472,1469,1882,2181,1960,1709,1707,1772,1212,1933,2122,1580,3794,5071,3226,5290,4606,5130,4826,5102,6713,11144,5852,2760,3687,3639,3468,3945,3250,2899,2529,2818,2481,2920,2563,2120,3339,2093,3636,2305,2442,2426,2438,2593,2466,2511,2584,2533,2750,2833,2409,2909,2583,2537,2728,2758,2631,2853,2625,2881,2230,3786,2770,3970,3468,4780,4496,4173,3074,4942,3762,2979,4050,3166,3024,3217,3351,3230,3509,3525,3309,3234,3549,3350,3515,3299,3303,4354,3974,3932,3605,4513,3376,3079,3155,3154,3473,3342,3265,3282,3157,3356,3249,3859,3522,3571,4882,3208,3721,3329,3279,3542,3461,3249,3447,3520,3383,3519,3632,3594,3822,3447,3547,3589,3412,3534,3469,3772,3768,3688,3404,3348,3673,3518,3663,3628,3448,3645,4260,2296,5673,4204,4424,4710,8685,4687,6558,5047,4722,4940,4732,4597,4666,5417,4878,5223,5284,4413,4453,4274,3606,4239,4050,3509,3959,3729,3561,4466,3946,3894,4076,4108,2733,4984,3212,3530,3479,3342,3425,4005,4012,3524,2726,4530,4122,5068,3972,4312,3896,3835,3924,3884,3839,3880,3714,3845
